First Name,Last Name,Email,Position
Smith,John,john.smith@example.com,Manager
Johnson,Sarah,sarah.johnson@example.com,Developer
Williams,Michael,michael.williams@example.com,Analyst
Brown,Emily,emily.brown@example.com,Designer
Jones,David,david.jones@example.com,Engineer
Garcia,Maria,maria.garcia@example.com,Coordinator
Miller,James,james.miller@example.com,Specialist
Davis,Lisa,lisa.davis@example.com,Administrator
Rodriguez,Carlos,carlos.rodriguez@example.com,Consultant
Wilson,Amanda,amanda.wilson@example.com,Assistant
Martinez,Robert,robert.martinez@example.com,Supervisor
Anderson,Jennifer,jennifer.anderson@example.com,Director
Taylor,Christopher,christopher.taylor@example.com,Technician
Thomas,Michelle,michelle.thomas@example.com,Planner
Hernandez,Daniel,daniel.hernandez@example.com,Officer
Moore,Jessica,jessica.moore@example.com,Clerk
Martin,Anthony,anthony.martin@example.com,Operator
Jackson,Nicole,nicole.jackson@example.com,Representative
Thompson,Kevin,kevin.thompson@example.com,Coordinator
White,Rachel,rachel.white@example.com,Analyst
